Threshold,SIFT (OpenCV) [kp:2048; match:nn],SuperPoint (default) [kp:2048; match:nn],SuperPoint [kp:2048; match:nn]
5,0.00036363636363636367,0.1697272727272727,0.1461818181818182
10,0.0052727272727272735,0.25945454545454544,0.24036363636363636
15,0.016909090909090912,0.31381818181818183,0.3062727272727273
20,0.032818181818181816,0.3584545454545454,0.35781818181818187
25,0.05154545454545454,0.39554545454545464,0.3966363636363637
