Threshold,AKAZE (OpenCV) [kp:8000; match:nn],SphereDesc [kp:8000; match:nn],D2-Net (single scale) [kp:8000; match:nn],D2-Net (multiscale) [kp:8000; match:nn],ORB (OpenCV) [kp:8000; match:nn],SIFT-AID [kp:8000; match:sift-aid],SIFT-GeoDesc-GitHub [kp:8000; match:nn],SIFT + GeoDesc [kp:8000; match:nn],SIFT + HardNet [kp:8000; match:nn],SIFT + L2-Net [kp:8000; match:nn],SIFT (OpenCV) [kp:8000; match:nn],SIFT + TFeat [kp:8000; match:nn],SuperPoint [kp:8000; match:nn],SURF (OpenCV) [kp:8000; match:nn]
5,0.2905679292929293,0.3167593434343434,0.2162159090909091,0.19947979797979798,0.13555050505050503,0.14541919191919195,0.3805320707070706,0.3858315656565656,0.3893593434343434,0.35132601010101006,0.2881462121212121,0.3152840909090908,0.21482171717171716,0.18940555555555552
10,0.3746878787878788,0.4198636363636364,0.33041969696969686,0.32179898989898986,0.18931767676767675,0.21071893939393938,0.47305858585858584,0.47783787878787876,0.48869747474747477,0.44731287878787884,0.3640128787878788,0.40574015151515147,0.32313787878787875,0.2555376262626263
15,0.4285106060606061,0.48645479797979796,0.4072419191919192,0.4001073232323232,0.2306638888888889,0.25529823232323234,0.5297762626262627,0.5316977272727272,0.5481444444444444,0.5087267676767677,0.4146371212121212,0.4643305555555556,0.39323510101010095,0.30069545454545454
20,0.47251010101010094,0.5359780303030304,0.4627396464646465,0.46231262626262626,0.2663709595959596,0.29120454545454544,0.5741068181818182,0.5790315656565657,0.5940462121212121,0.5547904040404041,0.4549931818181818,0.5121984848484848,0.4454138888888888,0.3371914141414141
25,0.5074762626262627,0.5771654040404041,0.5075202020202021,0.5142366161616162,0.2996388888888889,0.3248969696969697,0.6140964646464646,0.6138742424242424,0.6310474747474747,0.5941931818181818,0.49008005050505044,0.5511378787878787,0.4881727272727272,0.3702093434343434
