Threshold,DELF [kp:2048; match:nn],SIFT + GeoDesc [kp:2048; match:nn],SIFT + HardNet [kp:2048; match:nn],SIFT (OpenCV) [kp:2048; match:nn],SuperPoint (default) [kp:2048; match:nn],SuperPoint [kp:2048; match:nn]
5,0.0048484848484848485,0.043939393939393945,0.04181818181818182,0.014545454545454545,0.05272727272727271,0.04878787878787878
10,0.03242424242424242,0.10181818181818182,0.09272727272727273,0.03757575757575757,0.11909090909090908,0.10393939393939396
15,0.06484848484848485,0.14696969696969697,0.1463636363636364,0.05878787878787879,0.16939393939393943,0.1575757575757576
20,0.0996969696969697,0.18939393939393942,0.18848484848484848,0.08333333333333333,0.21303030303030301,0.196969696969697
25,0.13060606060606064,0.22515151515151519,0.22606060606060605,0.10242424242424243,0.2463636363636363,0.23212121212121212
