Threshold,DELF [kp:2048; match:nn],SuperPoint (default) [kp:2048; match:nn],SuperPoint [kp:2048; match:nn]
5,0.012454545454545458,0.1697272727272727,0.1461818181818182
10,0.046636363636363636,0.25945454545454544,0.24036363636363636
15,0.09199999999999998,0.31381818181818183,0.3062727272727273
20,0.1366363636363636,0.3584545454545454,0.35781818181818187
25,0.18072727272727274,0.39554545454545464,0.3966363636363637
