Threshold,DELF [kp:512; match:nn],ELF-SIFT [kp:512; match:nn],SIFT (OpenCV) [kp:512; match:nn],SuperPoint [kp:512; match:nn]
5,0.0029090909090909098,0.02181818181818182,0.0006363636363636364,0.10581818181818185
10,0.010909090909090912,0.046272727272727264,0.0023636363636363646,0.16036363636363637
15,0.022090909090909095,0.06645454545454545,0.006636363636363638,0.19772727272727275
20,0.037636363636363634,0.08272727272727272,0.011454545454545455,0.22872727272727278
25,0.052818181818181806,0.09790909090909086,0.01636363636363636,0.25272727272727274
