Threshold,SIFT (OpenCV) [kp:256; match:nn],SuperPoint [kp:256; match:nn]
5,0.0003027777777777778,0.08414217171717171
10,0.0016530303030303033,0.11252348484848484
15,0.004443939393939393,0.1288871212121212
20,0.007995454545454543,0.14001919191919193
25,0.011794949494949494,0.14932398989898993
