Threshold,SIFT (OpenCV) [kp:2048; match:nn],SuperPoint (default) [kp:2048; match:nn],SuperPoint [kp:2048; match:nn]
5,0.001071969696969697,0.28452651515151517,0.2759689393939394
10,0.008702777777777778,0.3745267676767677,0.36501919191919197
15,0.024968181818181813,0.4266739898989899,0.4221585858585859
20,0.04626717171717171,0.4664823232323233,0.463054797979798
25,0.06971641414141413,0.4973962121212121,0.4947871212121212
