Threshold,ELF-SIFT [kp:512; match:nn],SIFT (OpenCV) [kp:512; match:nn],SuperPoint [kp:512; match:nn]
5,0.007272727272727273,0.0006060606060606061,0.04121212121212121
10,0.022727272727272724,0.0015151515151515152,0.0778787878787879
15,0.030303030303030307,0.0033333333333333335,0.10030303030303032
20,0.038787878787878795,0.005151515151515151,0.1187878787878788
25,0.04757575757575758,0.007575757575757574,0.13333333333333333
