Threshold,DELF [kp:512; match:nn],ELF-SIFT [kp:512; match:nn],SIFT (OpenCV) [kp:512; match:nn],SuperPoint [kp:512; match:nn]
5,0.004626262626262625,0.08367676767676764,0.0005252525252525252,0.2366464646464646
10,0.025010101010100996,0.13656565656565653,0.0035555555555555544,0.31648484848484837
15,0.05343434343434342,0.16579797979797972,0.009777777777777776,0.3607676767676767
20,0.08165656565656562,0.18898989898989893,0.017777777777777767,0.3903434343434343
25,0.10688888888888883,0.20789898989898983,0.02606060606060605,0.4135353535353535
