Threshold,SIFT (OpenCV) [kp:2048; match:nn],SuperPoint (default) [kp:2048; match:nn],SuperPoint [kp:2048; match:nn]
5,0.002045454545454546,0.5716515151515152,0.5797545454545454
10,0.01624545454545455,0.6705515151515153,0.6805212121212122
15,0.04381212121212121,0.7169181818181818,0.7271090909090911
20,0.07677575757575757,0.745818181818182,0.7557545454545456
25,0.11281515151515151,0.7658575757575758,0.7751787878787879
