Threshold,SIFT (OpenCV) [kp:1024; match:nn],SuperPoint [kp:1024; match:nn]
5,0.0006262626262626262,0.3409090909090908
10,0.005919191919191918,0.43793939393939374
15,0.01672727272727272,0.49456565656565643
20,0.03107070707070705,0.5348888888888887
25,0.048040404040404,0.564282828282828
