Threshold,SIFT (OpenCV) [kp:256; match:nn],SuperPoint [kp:256; match:nn]
5,0.00027272727272727274,0.021636363636363634
10,0.001363636363636364,0.03972727272727272
15,0.0033636363636363642,0.05054545454545454
20,0.005363636363636365,0.061090909090909085
25,0.007363636363636365,0.07018181818181818
