Threshold,SIFT (OpenCV) [kp:2048; match:nn],SuperPoint (default) [kp:2048; match:nn],SuperPoint [kp:2048; match:nn]
5,0.0006060606060606061,0.05272727272727271,0.04878787878787878
10,0.003939393939393939,0.11909090909090908,0.10393939393939396
15,0.011515151515151516,0.16939393939393943,0.1575757575757576
20,0.023636363636363632,0.21303030303030301,0.196969696969697
25,0.03606060606060606,0.2463636363636363,0.23212121212121212
