Threshold,DELF [kp:2048; match:nn],SIFT + GeoDesc [kp:2048; match:nn],SIFT + HardNet [kp:2048; match:nn],SIFT (OpenCV) [kp:2048; match:nn],SuperPoint (default) [kp:2048; match:nn],SuperPoint [kp:2048; match:nn]
5,0.025818181818181817,0.28935353535353525,0.28591919191919185,0.14808080808080806,0.3439999999999999,0.32915151515151514
10,0.09286868686868682,0.38812121212121203,0.3817979797979796,0.2134545454545454,0.4490101010101009,0.43525252525252517
15,0.16468686868686858,0.4500808080808078,0.4412929292929292,0.25909090909090904,0.5065656565656566,0.4976767676767675
20,0.23004040404040396,0.4995959595959594,0.49058585858585835,0.29587878787878785,0.5486262626262625,0.5416767676767675
25,0.28610101010100997,0.5373535353535352,0.5284848484848483,0.3274545454545455,0.5818181818181816,0.575212121212121
