Threshold,DELF [kp:512; match:nn],ELF-SIFT [kp:512; match:nn],SIFT (OpenCV) [kp:512; match:nn],SuperPoint [kp:512; match:nn]
5,0.02063939393939394,0.2921515151515152,0.0005696969696969694,0.4611575757575758
10,0.08116666666666666,0.369569696969697,0.005187878787878787,0.5456060606060608
15,0.14653030303030307,0.4086757575757577,0.016230303030303025,0.5884939393939393
20,0.20130909090909094,0.43556666666666666,0.030921212121212124,0.6154878787878789
25,0.24560303030303024,0.4549272727272728,0.04726666666666667,0.6349454545454546
