Threshold,SIFT (OpenCV) [kp:1024; match:nn],SuperPoint [kp:1024; match:nn]
5,0.0005088383838383838,0.2812431818181818
10,0.005833585858585858,0.36456666666666665
15,0.01603712121212121,0.4144914141414141
20,0.029369191919191913,0.450565404040404
25,0.04531767676767676,0.47915858585858584
