Threshold,DELF [kp:1024; match:nn],SIFT (OpenCV) [kp:1024; match:nn],SuperPoint [kp:1024; match:nn]
5,0.021335353535353534,0.0005088383838383838,0.2812431818181818
10,0.07349015151515151,0.005833585858585858,0.36456666666666665
15,0.12362651515151515,0.01603712121212121,0.4144914141414141
20,0.1707681818181818,0.029369191919191913,0.450565404040404
25,0.20952045454545454,0.04531767676767676,0.47915858585858584
