Threshold,SIFT (OpenCV) [kp:2048; match:nn],SuperPoint (default) [kp:2048; match:nn],SuperPoint [kp:2048; match:nn]
5,0.0012727272727272726,0.3439999999999999,0.32915151515151514
10,0.009353535353535352,0.4490101010101009,0.43525252525252517
15,0.027636363636363615,0.5065656565656566,0.4976767676767675
20,0.0518383838383838,0.5486262626262625,0.5416767676767675
25,0.07844444444444439,0.5818181818181816,0.575212121212121
