Threshold,DELF [kp:2048; match:nn],SuperPoint (default) [kp:2048; match:nn],SuperPoint [kp:2048; match:nn]
5,0.025818181818181817,0.3439999999999999,0.32915151515151514
10,0.09286868686868682,0.4490101010101009,0.43525252525252517
15,0.16468686868686858,0.5065656565656566,0.4976767676767675
20,0.23004040404040396,0.5486262626262625,0.5416767676767675
25,0.28610101010100997,0.5818181818181816,0.575212121212121
