Threshold,DELF [kp:2048; match:nn],SIFT + GeoDesc [kp:2048; match:nn],SIFT + HardNet [kp:2048; match:nn],SIFT (OpenCV) [kp:2048; match:nn],SuperPoint (default) [kp:2048; match:nn],SuperPoint [kp:2048; match:nn]
5,0.03234924242424242,0.2405603535353535,0.23905555555555552,0.1521368686868687,0.28452651515151517,0.2759689393939394
10,0.0991042929292929,0.3250931818181818,0.3213078282828283,0.2059909090909091,0.3745267676767677,0.36501919191919197
15,0.16288989898989897,0.38023080808080806,0.3778133838383838,0.2439492424242424,0.4266739898989899,0.4221585858585859
20,0.2185070707070707,0.4272997474747474,0.42324646464646465,0.27624545454545457,0.4664823232323233,0.463054797979798
25,0.26558055555555554,0.4637527777777778,0.46113333333333334,0.3037886363636364,0.4973962121212121,0.4947871212121212
