Threshold,AKAZE (OpenCV) [kp:8000; match:nn],SphereDesc [kp:8000; match:nn],ORB (OpenCV) [kp:8000; match:nn],SIFT-AID [kp:8000; match:sift-aid],SIFT + GeoDesc [kp:8000; match:nn],SIFT + HardNet [kp:8000; match:nn],SIFT + L2-Net [kp:8000; match:nn],SIFT (OpenCV) [kp:8000; match:nn],SIFT + TFeat [kp:8000; match:nn],SuperPoint [kp:8000; match:nn],SURF (OpenCV) [kp:8000; match:nn]
5,0.04181818181818182,0.07848484848484849,0.011212121212121213,0.00818181818181818,0.0906060606060606,0.11242424242424241,0.0796969696969697,0.04696969696969697,0.062121212121212126,0.04030303030303031,0.01424242424242424
10,0.08848484848484846,0.15424242424242424,0.03151515151515151,0.029999999999999995,0.1715151515151515,0.20424242424242423,0.16060606060606059,0.08818181818181818,0.12333333333333331,0.10333333333333333,0.03696969696969697
15,0.1321212121212121,0.22666666666666666,0.05515151515151515,0.055757575757575756,0.22606060606060607,0.2739393939393939,0.23090909090909087,0.1272727272727273,0.17878787878787877,0.16303030303030303,0.06333333333333334
20,0.1793939393939394,0.28393939393939394,0.07696969696969697,0.0793939393939394,0.2915151515151515,0.3312121212121212,0.28363636363636363,0.16484848484848483,0.23424242424242428,0.21303030303030301,0.08545454545454546
25,0.21454545454545454,0.33636363636363636,0.09999999999999999,0.10484848484848484,0.33818181818181814,0.3842424242424242,0.3336363636363636,0.20181818181818179,0.2796969696969696,0.2612121212121212,0.11363636363636363
