Threshold,DELF [kp:2048; match:nn],SIFT + GeoDesc [kp:2048; match:nn],SIFT + HardNet [kp:2048; match:nn],SIFT + Scale-invariant desc. (L) [kp:2048; match:nn],SIFT (OpenCV) [kp:2048; match:nn],SuperPoint (default) [kp:2048; match:nn],SuperPoint [kp:2048; match:nn],SIFT + Scale-invariant desc. (C) [kp:2048; match:nn],SuperPoint (trained on coco + phototourism training set) [kp:2048; match:nn],SuperPoint + Custom Matcher (v1) [kp:2048; match:CustomMatcher],SuperPoint + Custom Matcher (v2) [kp:2048; match:custom-matcher]
5,0.08627575757575755,0.5081303030303029,0.5103030303030303,0.5279878787878789,0.4022848484848485,0.5716515151515152,0.5797545454545454,0.5168333333333334,0.6527696969696971,0.752690909090909,0.7608878787878788
10,0.22448787878787876,0.6074333333333334,0.6106151515151517,0.6367666666666668,0.4912060606060607,0.6705515151515153,0.6805212121212122,0.6182454545454547,0.7599454545454546,0.8354909090909093,0.8429939393939396
15,0.3300242424242424,0.6626000000000002,0.6676878787878788,0.6962212121212121,0.5408272727272727,0.7169181818181818,0.7271090909090911,0.6763272727272729,0.8083939393939397,0.8717909090909093,0.876548484848485
20,0.4076545454545455,0.7023,0.7072787878787881,0.7361939393939394,0.5765878787878788,0.745818181818182,0.7557545454545456,0.7170696969696972,0.8380363636363639,0.8923121212121216,0.8952242424242425
25,0.4648878787878788,0.7335969696969699,0.7379878787878791,0.7662,0.6052757575757576,0.7658575757575758,0.7751787878787879,0.7476363636363638,0.858127272727273,0.9061696969696972,0.9082515151515156
