Threshold,SIFT (OpenCV) [kp:1024; match:nn],SuperPoint [kp:1024; match:nn]
5,0.0,0.05303030303030303
10,0.002727272727272727,0.10666666666666667
15,0.006666666666666667,0.14878787878787877
20,0.011515151515151513,0.18333333333333332
25,0.01939393939393939,0.21454545454545457
