Threshold,AKAZE (OpenCV) [kp:8000; match:nn],SphereDesc [kp:8000; match:nn],Brisk + SSS [kp:8000; match:nn],D2-Net (single scale) [kp:8000; match:nn],D2-Net (multiscale) [kp:8000; match:nn],ORB (OpenCV) [kp:8000; match:nn],SIFT-AID (NN matcher) [kp:8000; match:nn],SIFT-AID (custom matcher) [kp:8000; match:sift-aid],SIFT-ContextDesc-GitHub [kp:8000; match:nn],SIFT-GeoDesc-GitHub [kp:8000; match:nn],SIFT + GeoDesc [kp:8000; match:nn],SIFT + HardNet [kp:8000; match:nn],SIFT + L2-Net [kp:8000; match:nn],SIFT (OpenCV) [kp:8000; match:nn],SIFT + TFeat [kp:8000; match:nn],SuperPoint [kp:8000; match:nn],SURF (OpenCV) [kp:8000; match:nn]
5,0.1262727272727273,0.2007272727272727,0.03190909090909091,0.12009090909090911,0.11154545454545452,0.037909090909090906,0.04245454545454545,0.03736363636363637,0.26599999999999996,0.2531818181818182,0.2634545454545454,0.28063636363636363,0.2415454545454545,0.1358181818181818,0.17672727272727273,0.10845454545454546,0.055636363636363644
10,0.20927272727272728,0.30672727272727274,0.08872727272727271,0.22709090909090907,0.2278181818181818,0.07772727272727271,0.08409090909090908,0.08081818181818182,0.368090909090909,0.3561818181818182,0.3650909090909091,0.384,0.3402727272727273,0.2090909090909091,0.2686363636363637,0.2109090909090909,0.10454545454545455
15,0.2677272727272728,0.37509090909090914,0.1437272727272727,0.30836363636363645,0.311,0.11454545454545452,0.12199999999999997,0.11599999999999998,0.4391818181818181,0.42427272727272736,0.4304545454545455,0.45109090909090904,0.4057272727272727,0.2673636363636364,0.33472727272727276,0.2856363636363637,0.1450909090909091
20,0.3189090909090909,0.4304545454545456,0.19618181818181818,0.3731818181818183,0.3786363636363637,0.15,0.16118181818181818,0.1485454545454545,0.4931818181818182,0.47654545454545455,0.4861818181818183,0.505,0.4598181818181818,0.31672727272727275,0.3900909090909091,0.3457272727272728,0.18109090909090908
25,0.3641818181818183,0.4773636363636365,0.24509090909090914,0.42972727272727285,0.44100000000000006,0.18727272727272729,0.19463636363636364,0.1837272727272727,0.5404545454545455,0.5244545454545455,0.528818181818182,0.5491818181818181,0.508090909090909,0.3614545454545455,0.43799999999999994,0.39463636363636373,0.21481818181818182
