Threshold,SIFT (OpenCV) [kp:1024; match:nn],SuperPoint [kp:1024; match:nn]
5,0.001227272727272727,0.5732151515151516
10,0.010142424242424241,0.6699333333333335
15,0.02948181818181818,0.7154303030303031
20,0.053527272727272736,0.7437666666666668
25,0.08101818181818182,0.7630787878787881
