Threshold,DELF [kp:1024; match:nn],SIFT (OpenCV) [kp:1024; match:nn],SuperPoint [kp:1024; match:nn]
5,0.007272727272727273,0.00018181818181818183,0.1578181818181818
10,0.034,0.004545454545454547,0.24372727272727268
15,0.06609090909090908,0.011272727272727273,0.2991818181818182
20,0.10436363636363634,0.021363636363636362,0.3402727272727273
25,0.13890909090909087,0.03281818181818181,0.37472727272727274
