"""Threshold""",DELF [kp:2048; match:nn],SIFT + GeoDesc [kp:2048; match:nn],SIFT + HardNet [kp:2048; match:nn],SIFT (OpenCV) [kp:2048; match:nn],SuperPoint (default) [kp:2048; match:nn],SuperPoint [kp:2048; match:nn]
5,0.0005890835879460252,0.0006974881714169062,0.0005870903423483054,0.00044717170402080666,0.0008423719061604773,0.0008882122313394763
10,0.008214512471073784,0.007627207432987847,0.007902699301281842,0.0055348048307229565,0.01209699173375363,0.011229656865696313
15,0.03241589914612266,0.03129305341784667,0.031860851216061886,0.0223112912291129,0.041422205476332054,0.04159269241929892
20,0.07701816215607647,0.07776521959869066,0.07759895199388217,0.05698064058588745,0.09696246862825762,0.09304380330003133
25,0.14079821346259414,0.14185639272722297,0.14071907766630518,0.10596046520070831,0.16763726763496603,0.16410948089338248
