"""Threshold""",SIFT (OpenCV) [kp:2048; match:nn],SuperPoint (default) [kp:2048; match:nn],SuperPoint [kp:2048; match:nn]
5,0.00014116587184762234,0.0008423719061604773,0.0008882122313394763
10,0.001930322444380056,0.01209699173375363,0.011229656865696313
15,0.007590710364821934,0.041422205476332054,0.04159269241929892
20,0.02132351439439768,0.09696246862825762,0.09304380330003133
25,0.04467669100676735,0.16763726763496603,0.16410948089338248
