"""Threshold""",DELF [kp:1024; match:nn],SuperPoint [kp:1024; match:nn]
5,0.0004367372857686794,0.0007726305519089111
10,0.007762270028973203,0.011070048478509033
15,0.02973722843618881,0.040211880770022926
20,0.07444469684125522,0.09533233224529311
25,0.13610160482840508,0.16584882404916368
