"""Threshold""",SIFT (OpenCV) [kp:256; match:nn],SuperPoint [kp:256; match:nn]
5,5.079233916647785e-05,0.000751378929979914
10,0.0008299942509601838,0.007981348591147215
15,0.0035201579991997554,0.03081843873779351
20,0.010721275904568879,0.07307677013281358
25,0.022761472558604126,0.12704639806505585
